波长,光强,bar_x,bar_y,bar_z,X,Y,Z,x,y,CCT,Duv
380,0.0216085294327,0.001368,3.9e-05,0.006450001,1358.89981656,1333.19518081,846.297177518,0.384044433006,0.376779937021,3903.03126942,-0.00101705561824
381,0.0186942644702,0.00150205,4.28264e-05,0.007083216,1358.89981656,1333.19518081,846.297177518,0.384044433006,0.376779937021,3903.03126942,-0.00101705561824
382,0.0173774055256,0.001642328,4.69146e-05,0.007745488,1358.89981656,1333.19518081,846.297177518,0.384044433006,0.376779937021,3903.03126942,-0.00101705561824
383,0.0302972321955,0.001802382,5.15896e-05,0.008501152,1358.89981656,1333.19518081,846.297177518,0.384044433006,0.376779937021,3903.03126942,-0.00101705561824
384,0.0296820459241,0.001995757,5.71764e-05,0.009414544,1358.89981656,1333.19518081,846.297177518,0.384044433006,0.376779937021,3903.03126942,-0.00101705561824
385,0.0360933678437,0.002236,6.4e-05,0.01054999,1358.89981656,1333.19518081,846.297177518,0.384044433006,0.376779937021,3903.03126942,-0.00101705561824
386,0.0194714221262,0.002535385,7.234421e-05,0.0119658,1358.89981656,1333.19518081,846.297177518,0.384044433006,0.376779937021,3903.03126942,-0.00101705561824
387,0.0196764842167,0.002892603,8.221224e-05,0.01365587,1358.89981656,1333.19518081,846.297177518,0.384044433006,0.376779937021,3903.03126942,-0.00101705561824
388,0.0309772070208,0.003300829,9.350816e-05,0.01558805,1358.89981656,1333.19518081,846.297177518,0.384044433006,0.376779937021,3903.03126942,-0.00101705561824
389,0.0225690513313,0.003753236,0.0001061361,0.01773015,1358.89981656,1333.19518081,846.297177518,0.384044433006,0.376779937021,3903.03126942,-0.00101705561824
390,0.0322075795637,0.004243,0.00012,0.02005001,1358.89981656,1333.19518081,846.297177518,0.384044433006,0.376779937021,3903.03126942,-0.00101705561824
391,0.0261308968422,0.004762389,0.000134984,0.02251136,1358.89981656,1333.19518081,846.297177518,0.384044433006,0.376779937021,3903.03126942,-0.00101705561824
392,0.0179495010911,0.005330048,0.000151492,0.02520288,1358.89981656,1333.19518081,846.297177518,0.384044433006,0.376779937021,3903.03126942,-0.00101705561824
393,0.0155749374172,0.005978712,0.000170208,0.02827972,1358.89981656,1333.19518081,846.297177518,0.384044433006,0.376779937021,3903.03126942,-0.00101705561824
394,0.0218566822291,0.006741117,0.000191816,0.03189704,1358.89981656,1333.19518081,846.297177518,0.384044433006,0.376779937021,3903.03126942,-0.00101705561824
395,0.0243391251628,0.00765,0.000217,0.03621,1358.89981656,1333.19518081,846.297177518,0.384044433006,0.376779937021,3903.03126942,-0.00101705561824
396,0.0334055578297,0.008751373,0.0002469067,0.04143771,1358.89981656,1333.19518081,846.297177518,0.384044433006,0.376779937021,3903.03126942,-0.00101705561824
397,0.0379603195161,0.01002888,0.00028124,0.04750372,1358.89981656,1333.19518081,846.297177518,0.384044433006,0.376779937021,3903.03126942,-0.00101705561824
398,0.040345579619,0.0114217,0.00031852,0.05411988,1358.89981656,1333.19518081,846.297177518,0.384044433006,0.376779937021,3903.03126942,-0.00101705561824
399,0.0539991682492,0.01286901,0.0003572667,0.06099803,1358.89981656,1333.19518081,846.297177518,0.384044433006,0.376779937021,3903.03126942,-0.00101705561824
400,0.0629360238084,0.01431,0.000396,0.06785001,1358.89981656,1333.19518081,846.297177518,0.384044433006,0.376779937021,3903.03126942,-0.00101705561824
401,0.0837300502875,0.01570443,0.0004337147,0.07448632,1358.89981656,1333.19518081,846.297177518,0.384044433006,0.376779937021,3903.03126942,-0.00101705561824
402,0.113050808145,0.01714744,0.000473024,0.08136156,1358.89981656,1333.19518081,846.297177518,0.384044433006,0.376779937021,3903.03126942,-0.00101705561824
403,0.139859970455,0.01878122,0.000517876,0.08915364,1358.89981656,1333.19518081,846.297177518,0.384044433006,0.376779937021,3903.03126942,-0.00101705561824
404,0.197109142243,0.02074801,0.0005722187,0.09854048,1358.89981656,1333.19518081,846.297177518,0.384044433006,0.376779937021,3903.03126942,-0.00101705561824
405,0.249658696745,0.02319,0.00064,0.1102,1358.89981656,1333.19518081,846.297177518,0.384044433006,0.376779937021,3903.03126942,-0.00101705561824
406,0.327715769135,0.02620736,0.00072456,0.1246133,1358.89981656,1333.19518081,846.297177518,0.384044433006,0.376779937021,3903.03126942,-0.00101705561824
407,0.429331695307,0.02978248,0.0008255,0.1417017,1358.89981656,1333.19518081,846.297177518,0.384044433006,0.376779937021,3903.03126942,-0.00101705561824
408,0.540649100969,0.03388092,0.00094116,0.1613035,1358.89981656,1333.19518081,846.297177518,0.384044433006,0.376779937021,3903.03126942,-0.00101705561824
409,0.703401455545,0.03846824,0.00106988,0.1832568,1358.89981656,1333.19518081,846.297177518,0.384044433006,0.376779937021,3903.03126942,-0.00101705561824
410,0.883055933952,0.04351,0.00121,0.2074,1358.89981656,1333.19518081,846.297177518,0.384044433006,0.376779937021,3903.03126942,-0.00101705561824
411,1.07810027618,0.0489956,0.001362091,0.2336921,1358.89981656,1333.19518081,846.297177518,0.384044433006,0.376779937021,3903.03126942,-0.00101705561824
412,1.34836150644,0.0550226,0.001530752,0.2626114,1358.89981656,1333.19518081,846.297177518,0.384044433006,0.376779937021,3903.03126942,-0.00101705561824
413,1.61184010425,0.0617188,0.001720368,0.2947746,1358.89981656,1333.19518081,846.297177518,0.384044433006,0.376779937021,3903.03126942,-0.00101705561824
414,1.95380117711,0.069212,0.001935323,0.3307985,1358.89981656,1333.19518081,846.297177518,0.384044433006,0.376779937021,3903.03126942,-0.00101705561824
415,2.30766752659,0.07763,0.00218,0.3713,1358.89981656,1333.19518081,846.297177518,0.384044433006,0.376779937021,3903.03126942,-0.00101705561824
416,2.66770596829,0.08695811,0.0024548,0.4162091,1358.89981656,1333.19518081,846.297177518,0.384044433006,0.376779937021,3903.03126942,-0.00101705561824
417,3.20366895714,0.09717672,0.002764,0.4654642,1358.89981656,1333.19518081,846.297177518,0.384044433006,0.376779937021,3903.03126942,-0.00101705561824
418,3.75931925457,0.1084063,0.0031178,0.5196948,1358.89981656,1333.19518081,846.297177518,0.384044433006,0.376779937021,3903.03126942,-0.00101705561824
419,4.39852332385,0.1207672,0.0035264,0.5795303,1358.89981656,1333.19518081,846.297177518,0.384044433006,0.376779937021,3903.03126942,-0.00101705561824
420,5.08176733205,0.13438,0.004,0.6456,1358.89981656,1333.19518081,846.297177518,0.384044433006,0.376779937021,3903.03126942,-0.00101705561824
421,5.77052241073,0.1493582,0.00454624,0.7184838,1358.89981656,1333.19518081,846.297177518,0.384044433006,0.376779937021,3903.03126942,-0.00101705561824
422,6.56781111468,0.1653957,0.00515932,0.7967133,1358.89981656,1333.19518081,846.297177518,0.384044433006,0.376779937021,3903.03126942,-0.00101705561824
423,7.3778350686,0.1819831,0.00582928,0.8778459,1358.89981656,1333.19518081,846.297177518,0.384044433006,0.376779937021,3903.03126942,-0.00101705561824
424,8.1518074541,0.198611,0.00654616,0.959439,1358.89981656,1333.19518081,846.297177518,0.384044433006,0.376779937021,3903.03126942,-0.00101705561824
425,8.82499937631,0.21477,0.0073,1.0390501,1358.89981656,1333.19518081,846.297177518,0.384044433006,0.376779937021,3903.03126942,-0.00101705561824
426,9.4963091963,0.2301868,0.008086507,1.1153673,1358.89981656,1333.19518081,846.297177518,0.384044433006,0.376779937021,3903.03126942,-0.00101705561824
427,9.91570865774,0.2448797,0.00890872,1.1884971,1358.89981656,1333.19518081,846.297177518,0.384044433006,0.376779937021,3903.03126942,-0.00101705561824
428,10.2532863454,0.2587773,0.00976768,1.2581233,1358.89981656,1333.19518081,846.297177518,0.384044433006,0.376779937021,3903.03126942,-0.00101705561824
429,10.6043981802,0.2718079,0.01066443,1.3239296,1358.89981656,1333.19518081,846.297177518,0.384044433006,0.376779937021,3903.03126942,-0.00101705561824
430,10.5964754269,0.2839,0.0116,1.3856,1358.89981656,1333.19518081,846.297177518,0.384044433006,0.376779937021,3903.03126942,-0.00101705561824
431,10.5051034115,0.2949438,0.01257317,1.4426352,1358.89981656,1333.19518081,846.297177518,0.384044433006,0.376779937021,3903.03126942,-0.00101705561824
432,10.2508015996,0.3048965,0.01358272,1.4948035,1358.89981656,1333.19518081,846.297177518,0.384044433006,0.376779937021,3903.03126942,-0.00101705561824
433,9.84749074988,0.3137873,0.01462968,1.5421903,1358.89981656,1333.19518081,846.297177518,0.384044433006,0.376779937021,3903.03126942,-0.00101705561824
434,9.43373627411,0.3216454,0.01571509,1.5848807,1358.89981656,1333.19518081,846.297177518,0.384044433006,0.376779937021,3903.03126942,-0.00101705561824
435,8.90862428776,0.3285,0.01684,1.62296,1358.89981656,1333.19518081,846.297177518,0.384044433006,0.376779937021,3903.03126942,-0.00101705561824
436,8.42579267101,0.3343513,0.01800736,1.6564048,1358.89981656,1333.19518081,846.297177518,0.384044433006,0.376779937021,3903.03126942,-0.00101705561824
437,7.97416568767,0.3392101,0.01921448,1.6852959,1358.89981656,1333.19518081,846.297177518,0.384044433006,0.376779937021,3903.03126942,-0.00101705561824
438,7.61211714509,0.3431213,0.02045392,1.7098745,1358.89981656,1333.19518081,846.297177518,0.384044433006,0.376779937021,3903.03126942,-0.00101705561824
439,7.29114768822,0.3461296,0.02171824,1.7303821,1358.89981656,1333.19518081,846.297177518,0.384044433006,0.376779937021,3903.03126942,-0.00101705561824
440,7.12327982895,0.34828,0.023,1.74706,1358.89981656,1333.19518081,846.297177518,0.384044433006,0.376779937021,3903.03126942,-0.00101705561824
441,7.0062578843,0.3495999,0.02429461,1.7600446,1358.89981656,1333.19518081,846.297177518,0.384044433006,0.376779937021,3903.03126942,-0.00101705561824
442,7.02540678446,0.3501474,0.02561024,1.7696233,1358.89981656,1333.19518081,846.297177518,0.384044433006,0.376779937021,3903.03126942,-0.00101705561824
443,7.14989095871,0.350013,0.02695857,1.7762637,1358.89981656,1333.19518081,846.297177518,0.384044433006,0.376779937021,3903.03126942,-0.00101705561824
444,7.35529333476,0.349287,0.02835125,1.7804334,1358.89981656,1333.19518081,846.297177518,0.384044433006,0.376779937021,3903.03126942,-0.00101705561824
445,7.67773705792,0.34806,0.0298,1.7826,1358.89981656,1333.19518081,846.297177518,0.384044433006,0.376779937021,3903.03126942,-0.00101705561824
446,8.13130189902,0.3463733,0.03131083,1.7829682,1358.89981656,1333.19518081,846.297177518,0.384044433006,0.376779937021,3903.03126942,-0.00101705561824
447,8.70486342895,0.3442624,0.03288368,1.7816998,1358.89981656,1333.19518081,846.297177518,0.384044433006,0.376779937021,3903.03126942,-0.00101705561824
448,9.4211675325,0.3418088,0.03452112,1.7791982,1358.89981656,1333.19518081,846.297177518,0.384044433006,0.376779937021,3903.03126942,-0.00101705561824
449,10.2126237207,0.3390941,0.03622571,1.7758671,1358.89981656,1333.19518081,846.297177518,0.384044433006,0.376779937021,3903.03126942,-0.00101705561824
450,11.0966015431,0.3362,0.038,1.77211,1358.89981656,1333.19518081,846.297177518,0.384044433006,0.376779937021,3903.03126942,-0.00101705561824
451,11.9611840702,0.3331977,0.03984667,1.7682589,1358.89981656,1333.19518081,846.297177518,0.384044433006,0.376779937021,3903.03126942,-0.00101705561824
452,12.7544089274,0.3300411,0.041768,1.764039,1358.89981656,1333.19518081,846.297177518,0.384044433006,0.376779937021,3903.03126942,-0.00101705561824
453,13.4511634257,0.3266357,0.043766,1.7589438,1358.89981656,1333.19518081,846.297177518,0.384044433006,0.376779937021,3903.03126942,-0.00101705561824
454,13.9637524292,0.3228868,0.04584267,1.7524663,1358.89981656,1333.19518081,846.297177518,0.384044433006,0.376779937021,3903.03126942,-0.00101705561824
455,14.2021715315,0.3187,0.048,1.7441,1358.89981656,1333.19518081,846.297177518,0.384044433006,0.376779937021,3903.03126942,-0.00101705561824
456,14.1852743045,0.3140251,0.05024368,1.7335595,1358.89981656,1333.19518081,846.297177518,0.384044433006,0.376779937021,3903.03126942,-0.00101705561824
457,13.836864304,0.308884,0.05257304,1.7208581,1358.89981656,1333.19518081,846.297177518,0.384044433006,0.376779937021,3903.03126942,-0.00101705561824
458,13.283771805,0.3032904,0.05498056,1.7059369,1358.89981656,1333.19518081,846.297177518,0.384044433006,0.376779937021,3903.03126942,-0.00101705561824
459,12.5116921725,0.2972579,0.05745872,1.6887372,1358.89981656,1333.19518081,846.297177518,0.384044433006,0.376779937021,3903.03126942,-0.00101705561824
460,11.6597521637,0.2908,0.06,1.6692,1358.89981656,1333.19518081,846.297177518,0.384044433006,0.376779937021,3903.03126942,-0.00101705561824
461,10.7771200355,0.2839701,0.06260197,1.6475287,1358.89981656,1333.19518081,846.297177518,0.384044433006,0.376779937021,3903.03126942,-0.00101705561824
462,9.96973932642,0.2767214,0.06527752,1.6234127,1358.89981656,1333.19518081,846.297177518,0.384044433006,0.376779937021,3903.03126942,-0.00101705561824
463,9.24337422609,0.2689178,0.06804208,1.5960223,1358.89981656,1333.19518081,846.297177518,0.384044433006,0.376779937021,3903.03126942,-0.00101705561824
464,8.61301729758,0.2604227,0.07091109,1.564528,1358.89981656,1333.19518081,846.297177518,0.384044433006,0.376779937021,3903.03126942,-0.00101705561824
465,8.08587209012,0.2511,0.0739,1.5281,1358.89981656,1333.19518081,846.297177518,0.384044433006,0.376779937021,3903.03126942,-0.00101705561824
466,7.67584302595,0.2408475,0.077016,1.4861114,1358.89981656,1333.19518081,846.297177518,0.384044433006,0.376779937021,3903.03126942,-0.00101705561824
467,7.36813492519,0.2298512,0.0802664,1.4395215,1358.89981656,1333.19518081,846.297177518,0.384044433006,0.376779937021,3903.03126942,-0.00101705561824
468,7.08556600064,0.2184072,0.0836668,1.3898799,1358.89981656,1333.19518081,846.297177518,0.384044433006,0.376779937021,3903.03126942,-0.00101705561824
469,6.86021736848,0.2068115,0.0872328,1.3387362,1358.89981656,1333.19518081,846.297177518,0.384044433006,0.376779937021,3903.03126942,-0.00101705561824
470,6.61617290735,0.19536,0.09098,1.28764,1358.89981656,1333.19518081,846.297177518,0.384044433006,0.376779937021,3903.03126942,-0.00101705561824
471,6.36435280142,0.1842136,0.09491755,1.2374223,1358.89981656,1333.19518081,846.297177518,0.384044433006,0.376779937021,3903.03126942,-0.00101705561824
472,6.09283931958,0.1733273,0.09904584,1.1878243,1358.89981656,1333.19518081,846.297177518,0.384044433006,0.376779937021,3903.03126942,-0.00101705561824
473,5.80279544593,0.1626881,0.1033674,1.1387611,1358.89981656,1333.19518081,846.297177518,0.384044433006,0.376779937021,3903.03126942,-0.00101705561824
474,5.51008184006,0.1522833,0.1078846,1.090148,1358.89981656,1333.19518081,846.297177518,0.384044433006,0.376779937021,3903.03126942,-0.00101705561824
475,5.21613721989,0.1421,0.1126,1.0419,1358.89981656,1333.19518081,846.297177518,0.384044433006,0.376779937021,3903.03126942,-0.00101705561824
476,4.94696467848,0.1321786,0.117532,0.9941976,1358.89981656,1333.19518081,846.297177518,0.384044433006,0.376779937021,3903.03126942,-0.00101705561824
477,4.70803478025,0.1225696,0.1226744,0.9473473,1358.89981656,1333.19518081,846.297177518,0.384044433006,0.376779937021,3903.03126942,-0.00101705561824
478,4.48231194791,0.1132752,0.1279928,0.9014531,1358.89981656,1333.19518081,846.297177518,0.384044433006,0.376779937021,3903.03126942,-0.00101705561824
479,4.29295243965,0.1042979,0.1334528,0.8566193,1358.89981656,1333.19518081,846.297177518,0.384044433006,0.376779937021,3903.03126942,-0.00101705561824
480,4.15295195133,0.09564,0.13902,0.8129501,1358.89981656,1333.19518081,846.297177518,0.384044433006,0.376779937021,3903.03126942,-0.00101705561824
481,4.06028912735,0.08729955,0.1446764,0.7705173,1358.89981656,1333.19518081,846.297177518,0.384044433006,0.376779937021,3903.03126942,-0.00101705561824
482,4.02092791629,0.07930804,0.1504693,0.7294448,1358.89981656,1333.19518081,846.297177518,0.384044433006,0.376779937021,3903.03126942,-0.00101705561824
483,4.00320860038,0.07171776,0.1564619,0.6899136,1358.89981656,1333.19518081,846.297177518,0.384044433006,0.376779937021,3903.03126942,-0.00101705561824
484,4.01921667498,0.06458099,0.1627177,0.6521049,1358.89981656,1333.19518081,846.297177518,0.384044433006,0.376779937021,3903.03126942,-0.00101705561824
485,4.06103850015,0.05795001,0.1693,0.6162,1358.89981656,1333.19518081,846.297177518,0.384044433006,0.376779937021,3903.03126942,-0.00101705561824
486,4.13733393227,0.05186211,0.1762431,0.5823286,1358.89981656,1333.19518081,846.297177518,0.384044433006,0.376779937021,3903.03126942,-0.00101705561824
487,4.22012194889,0.04628152,0.1835581,0.5504162,1358.89981656,1333.19518081,846.297177518,0.384044433006,0.376779937021,3903.03126942,-0.00101705561824
488,4.32326156969,0.04115088,0.1912735,0.5203376,1358.89981656,1333.19518081,846.297177518,0.384044433006,0.376779937021,3903.03126942,-0.00101705561824
489,4.43958838875,0.03641283,0.199418,0.4919673,1358.89981656,1333.19518081,846.297177518,0.384044433006,0.376779937021,3903.03126942,-0.00101705561824
490,4.60236104567,0.03201,0.20802,0.46518,1358.89981656,1333.19518081,846.297177518,0.384044433006,0.376779937021,3903.03126942,-0.00101705561824
491,4.75397368625,0.0279172,0.2171199,0.4399246,1358.89981656,1333.19518081,846.297177518,0.384044433006,0.376779937021,3903.03126942,-0.00101705561824
492,4.93787602774,0.0241444,0.2267345,0.4161836,1358.89981656,1333.19518081,846.297177518,0.384044433006,0.376779937021,3903.03126942,-0.00101705561824
493,5.15195433786,0.020687,0.2368571,0.3938822,1358.89981656,1333.19518081,846.297177518,0.384044433006,0.376779937021,3903.03126942,-0.00101705561824
494,5.37703085306,0.0175404,0.2474812,0.3729459,1358.89981656,1333.19518081,846.297177518,0.384044433006,0.376779937021,3903.03126942,-0.00101705561824
495,5.63486264116,0.0147,0.2586,0.3533,1358.89981656,1333.19518081,846.297177518,0.384044433006,0.376779937021,3903.03126942,-0.00101705561824
496,5.89085292341,0.01216179,0.2701849,0.3348578,1358.89981656,1333.19518081,846.297177518,0.384044433006,0.376779937021,3903.03126942,-0.00101705561824
497,6.20107586637,0.00991996,0.2822939,0.3175521,1358.89981656,1333.19518081,846.297177518,0.384044433006,0.376779937021,3903.03126942,-0.00101705561824
498,6.5115557573,0.00796724,0.2950505,0.3013375,1358.89981656,1333.19518081,846.297177518,0.384044433006,0.376779937021,3903.03126942,-0.00101705561824
499,6.86408298215,0.006296346,0.308578,0.2861686,1358.89981656,1333.19518081,846.297177518,0.384044433006,0.376779937021,3903.03126942,-0.00101705561824
500,7.23515697545,0.0049,0.323,0.272,1358.89981656,1333.19518081,846.297177518,0.384044433006,0.376779937021,3903.03126942,-0.00101705561824
501,7.6297873604,0.003777173,0.3384021,0.2588171,1358.89981656,1333.19518081,846.297177518,0.384044433006,0.376779937021,3903.03126942,-0.00101705561824
502,8.09661693373,0.00294532,0.3546858,0.2464838,1358.89981656,1333.19518081,846.297177518,0.384044433006,0.376779937021,3903.03126942,-0.00101705561824
503,8.58485094584,0.00242488,0.3716986,0.2347718,1358.89981656,1333.19518081,846.297177518,0.384044433006,0.376779937021,3903.03126942,-0.00101705561824
504,9.06912336318,0.002236293,0.3892875,0.2234533,1358.89981656,1333.19518081,846.297177518,0.384044433006,0.376779937021,3903.03126942,-0.00101705561824
505,9.5633194379,0.0024,0.4073,0.2123,1358.89981656,1333.19518081,846.297177518,0.384044433006,0.376779937021,3903.03126942,-0.00101705561824
506,10.0573271334,0.00292552,0.4256299,0.2011692,1358.89981656,1333.19518081,846.297177518,0.384044433006,0.376779937021,3903.03126942,-0.00101705561824
507,10.6225534594,0.00383656,0.4443096,0.1901196,1358.89981656,1333.19518081,846.297177518,0.384044433006,0.376779937021,3903.03126942,-0.00101705561824
508,11.1617284811,0.00517484,0.4633944,0.1792254,1358.89981656,1333.19518081,846.297177518,0.384044433006,0.376779937021,3903.03126942,-0.00101705561824
509,11.7115002187,0.00698208,0.4829395,0.1685608,1358.89981656,1333.19518081,846.297177518,0.384044433006,0.376779937021,3903.03126942,-0.00101705561824
510,12.2645948923,0.0093,0.503,0.1582,1358.89981656,1333.19518081,846.297177518,0.384044433006,0.376779937021,3903.03126942,-0.00101705561824
511,12.765075632,0.01214949,0.5235693,0.1481383,1358.89981656,1333.19518081,846.297177518,0.384044433006,0.376779937021,3903.03126942,-0.00101705561824
512,13.3204828409,0.01553588,0.544512,0.1383758,1358.89981656,1333.19518081,846.297177518,0.384044433006,0.376779937021,3903.03126942,-0.00101705561824
513,13.8921907974,0.01947752,0.56569,0.1289942,1358.89981656,1333.19518081,846.297177518,0.384044433006,0.376779937021,3903.03126942,-0.00101705561824
514,14.3777950947,0.02399277,0.5869653,0.1200751,1358.89981656,1333.19518081,846.297177518,0.384044433006,0.376779937021,3903.03126942,-0.00101705561824
515,14.8765280609,0.0291,0.6082,0.1117,1358.89981656,1333.19518081,846.297177518,0.384044433006,0.376779937021,3903.03126942,-0.00101705561824
516,15.2940171831,0.03481485,0.6293456,0.1039048,1358.89981656,1333.19518081,846.297177518,0.384044433006,0.376779937021,3903.03126942,-0.00101705561824
517,15.7339328129,0.04112016,0.6503068,0.09666748,1358.89981656,1333.19518081,846.297177518,0.384044433006,0.376779937021,3903.03126942,-0.00101705561824
518,16.0881197046,0.04798504,0.6708752,0.08998272,1358.89981656,1333.19518081,846.297177518,0.384044433006,0.376779937021,3903.03126942,-0.00101705561824
519,16.3773847649,0.05537861,0.6908424,0.08384531,1358.89981656,1333.19518081,846.297177518,0.384044433006,0.376779937021,3903.03126942,-0.00101705561824
520,16.6629861509,0.06327,0.71,0.07824999,1358.89981656,1333.19518081,846.297177518,0.384044433006,0.376779937021,3903.03126942,-0.00101705561824
521,16.8198233408,0.07163501,0.7281852,0.07320899,1358.89981656,1333.19518081,846.297177518,0.384044433006,0.376779937021,3903.03126942,-0.00101705561824
522,16.9075394312,0.08046224,0.7454636,0.06867816,1358.89981656,1333.19518081,846.297177518,0.384044433006,0.376779937021,3903.03126942,-0.00101705561824
523,16.9899652886,0.08973996,0.7619694,0.06456784,1358.89981656,1333.19518081,846.297177518,0.384044433006,0.376779937021,3903.03126942,-0.00101705561824
524,16.9542953706,0.09945645,0.7778368,0.06078835,1358.89981656,1333.19518081,846.297177518,0.384044433006,0.376779937021,3903.03126942,-0.00101705561824
525,16.8957805643,0.1096,0.7932,0.05725001,1358.89981656,1333.19518081,846.297177518,0.384044433006,0.376779937021,3903.03126942,-0.00101705561824
526,16.8773640282,0.1201674,0.8081104,0.05390435,1358.89981656,1333.19518081,846.297177518,0.384044433006,0.376779937021,3903.03126942,-0.00101705561824
527,16.7474396762,0.1311145,0.8224962,0.05074664,1358.89981656,1333.19518081,846.297177518,0.384044433006,0.376779937021,3903.03126942,-0.00101705561824
528,16.5874742064,0.1423679,0.8363068,0.04775276,1358.89981656,1333.19518081,846.297177518,0.384044433006,0.376779937021,3903.03126942,-0.00101705561824
529,16.4208446798,0.1538542,0.8494916,0.04489859,1358.89981656,1333.19518081,846.297177518,0.384044433006,0.376779937021,3903.03126942,-0.00101705561824
530,16.165739739,0.1655,0.862,0.04216,1358.89981656,1333.19518081,846.297177518,0.384044433006,0.376779937021,3903.03126942,-0.00101705561824
531,15.9799923825,0.1772571,0.8738108,0.03950728,1358.89981656,1333.19518081,846.297177518,0.384044433006,0.376779937021,3903.03126942,-0.00101705561824
532,15.7396574092,0.18914,0.8849624,0.03693564,1358.89981656,1333.19518081,846.297177518,0.384044433006,0.376779937021,3903.03126942,-0.00101705561824
533,15.4961471155,0.2011694,0.8954936,0.03445836,1358.89981656,1333.19518081,846.297177518,0.384044433006,0.376779937021,3903.03126942,-0.00101705561824
534,15.1882630124,0.2133658,0.9054432,0.03208872,1358.89981656,1333.19518081,846.297177518,0.384044433006,0.376779937021,3903.03126942,-0.00101705561824
535,14.9423795594,0.2257499,0.9148501,0.02984,1358.89981656,1333.19518081,846.297177518,0.384044433006,0.376779937021,3903.03126942,-0.00101705561824
536,14.6824532479,0.2383209,0.9237348,0.02771181,1358.89981656,1333.19518081,846.297177518,0.384044433006,0.376779937021,3903.03126942,-0.00101705561824
537,14.4073270175,0.2510668,0.9320924,0.02569444,1358.89981656,1333.19518081,846.297177518,0.384044433006,0.376779937021,3903.03126942,-0.00101705561824
538,14.1778046301,0.2639922,0.9399226,0.02378716,1358.89981656,1333.19518081,846.297177518,0.384044433006,0.376779937021,3903.03126942,-0.00101705561824
539,13.9416519846,0.2771017,0.9472252,0.02198925,1358.89981656,1333.19518081,846.297177518,0.384044433006,0.376779937021,3903.03126942,-0.00101705561824
540,13.7342320006,0.2904,0.954,0.0203,1358.89981656,1333.19518081,846.297177518,0.384044433006,0.376779937021,3903.03126942,-0.00101705561824
541,13.5224540604,0.3038912,0.9602561,0.01871805,1358.89981656,1333.19518081,846.297177518,0.384044433006,0.376779937021,3903.03126942,-0.00101705561824
542,13.3251333705,0.3175726,0.9660074,0.01724036,1358.89981656,1333.19518081,846.297177518,0.384044433006,0.376779937021,3903.03126942,-0.00101705561824
543,13.1210174183,0.3314384,0.9712606,0.01586364,1358.89981656,1333.19518081,846.297177518,0.384044433006,0.376779937021,3903.03126942,-0.00101705561824
544,12.9421111596,0.3454828,0.9760225,0.01458461,1358.89981656,1333.19518081,846.297177518,0.384044433006,0.376779937021,3903.03126942,-0.00101705561824
545,12.7799981671,0.3597,0.9803,0.0134,1358.89981656,1333.19518081,846.297177518,0.384044433006,0.376779937021,3903.03126942,-0.00101705561824
546,12.6266229544,0.3740839,0.9840924,0.01230723,1358.89981656,1333.19518081,846.297177518,0.384044433006,0.376779937021,3903.03126942,-0.00101705561824
547,12.4821932951,0.3886396,0.9874182,0.01130188,1358.89981656,1333.19518081,846.297177518,0.384044433006,0.376779937021,3903.03126942,-0.00101705561824
548,12.3517749658,0.4033784,0.9903128,0.01037792,1358.89981656,1333.19518081,846.297177518,0.384044433006,0.376779937021,3903.03126942,-0.00101705561824
549,12.2199107295,0.4183115,0.9928116,0.009529306,1358.89981656,1333.19518081,846.297177518,0.384044433006,0.376779937021,3903.03126942,-0.00101705561824
550,12.0864761937,0.4334499,0.9949501,0.008749999,1358.89981656,1333.19518081,846.297177518,0.384044433006,0.376779937021,3903.03126942,-0.00101705561824
551,11.9845248245,0.4487953,0.9967108,0.0080352,1358.89981656,1333.19518081,846.297177518,0.384044433006,0.376779937021,3903.03126942,-0.00101705561824
552,11.9082514182,0.464336,0.9980983,0.0073816,1358.89981656,1333.19518081,846.297177518,0.384044433006,0.376779937021,3903.03126942,-0.00101705561824
553,11.8182383697,0.480064,0.999112,0.0067854,1358.89981656,1333.19518081,846.297177518,0.384044433006,0.376779937021,3903.03126942,-0.00101705561824
554,11.7452369851,0.4959713,0.9997482,0.0062428,1358.89981656,1333.19518081,846.297177518,0.384044433006,0.376779937021,3903.03126942,-0.00101705561824
555,11.667224286,0.5120501,1.0,0.005749999,1358.89981656,1333.19518081,846.297177518,0.384044433006,0.376779937021,3903.03126942,-0.00101705561824
556,11.6000460948,0.5282959,0.9998567,0.0053036,1358.89981656,1333.19518081,846.297177518,0.384044433006,0.376779937021,3903.03126942,-0.00101705561824
557,11.5331981695,0.5446916,0.9993046,0.0048998,1358.89981656,1333.19518081,846.297177518,0.384044433006,0.376779937021,3903.03126942,-0.00101705561824
558,11.5022639248,0.5612094,0.9983255,0.0045342,1358.89981656,1333.19518081,846.297177518,0.384044433006,0.376779937021,3903.03126942,-0.00101705561824
559,11.4289937724,0.5778215,0.9968987,0.0042024,1358.89981656,1333.19518081,846.297177518,0.384044433006,0.376779937021,3903.03126942,-0.00101705561824
560,11.4168561108,0.5945,0.995,0.0039,1358.89981656,1333.19518081,846.297177518,0.384044433006,0.376779937021,3903.03126942,-0.00101705561824
561,11.4158236888,0.6112209,0.9926005,0.0036232,1358.89981656,1333.19518081,846.297177518,0.384044433006,0.376779937021,3903.03126942,-0.00101705561824
562,11.4302421806,0.6279758,0.9897426,0.0033706,1358.89981656,1333.19518081,846.297177518,0.384044433006,0.376779937021,3903.03126942,-0.00101705561824
563,11.4273589607,0.6447602,0.9864444,0.0031414,1358.89981656,1333.19518081,846.297177518,0.384044433006,0.376779937021,3903.03126942,-0.00101705561824
564,11.4665990604,0.6615697,0.9827241,0.0029348,1358.89981656,1333.19518081,846.297177518,0.384044433006,0.376779937021,3903.03126942,-0.00101705561824
565,11.4845386828,0.6784,0.9786,0.002749999,1358.89981656,1333.19518081,846.297177518,0.384044433006,0.376779937021,3903.03126942,-0.00101705561824
566,11.4960407996,0.6952392,0.9740837,0.0025852,1358.89981656,1333.19518081,846.297177518,0.384044433006,0.376779937021,3903.03126942,-0.00101705561824
567,11.521422832,0.7120586,0.9691712,0.0024386,1358.89981656,1333.19518081,846.297177518,0.384044433006,0.376779937021,3903.03126942,-0.00101705561824
568,11.5666436497,0.7288284,0.9638568,0.0023094,1358.89981656,1333.19518081,846.297177518,0.384044433006,0.376779937021,3903.03126942,-0.00101705561824
569,11.589804246,0.7455188,0.9581349,0.0021968,1358.89981656,1333.19518081,846.297177518,0.384044433006,0.376779937021,3903.03126942,-0.00101705561824
570,11.6154706531,0.7621,0.952,0.0021,1358.89981656,1333.19518081,846.297177518,0.384044433006,0.376779937021,3903.03126942,-0.00101705561824
571,11.6708462126,0.7785432,0.9454504,0.002017733,1358.89981656,1333.19518081,846.297177518,0.384044433006,0.376779937021,3903.03126942,-0.00101705561824
572,11.7218055106,0.7948256,0.9384992,0.0019482,1358.89981656,1333.19518081,846.297177518,0.384044433006,0.376779937021,3903.03126942,-0.00101705561824
573,11.76755648,0.8109264,0.9311628,0.0018898,1358.89981656,1333.19518081,846.297177518,0.384044433006,0.376779937021,3903.03126942,-0.00101705561824
574,11.8287321795,0.8268248,0.9234576,0.001840933,1358.89981656,1333.19518081,846.297177518,0.384044433006,0.376779937021,3903.03126942,-0.00101705561824
575,11.8856165485,0.8425,0.9154,0.0018,1358.89981656,1333.19518081,846.297177518,0.384044433006,0.376779937021,3903.03126942,-0.00101705561824
576,12.0223022685,0.8579325,0.9070064,0.001766267,1358.89981656,1333.19518081,846.297177518,0.384044433006,0.376779937021,3903.03126942,-0.00101705561824
577,12.0491466806,0.8730816,0.8982772,0.0017378,1358.89981656,1333.19518081,846.297177518,0.384044433006,0.376779937021,3903.03126942,-0.00101705561824
578,12.1253713231,0.8878944,0.8892048,0.0017112,1358.89981656,1333.19518081,846.297177518,0.384044433006,0.376779937021,3903.03126942,-0.00101705561824
579,12.2425234868,0.9023181,0.8797816,0.001683067,1358.89981656,1333.19518081,846.297177518,0.384044433006,0.376779937021,3903.03126942,-0.00101705561824
580,12.3091368261,0.9163,0.87,0.001650001,1358.89981656,1333.19518081,846.297177518,0.384044433006,0.376779937021,3903.03126942,-0.00101705561824
581,12.3782503171,0.9297995,0.8598613,0.001610133,1358.89981656,1333.19518081,846.297177518,0.384044433006,0.376779937021,3903.03126942,-0.00101705561824
582,12.5046416229,0.9427984,0.849392,0.0015644,1358.89981656,1333.19518081,846.297177518,0.384044433006,0.376779937021,3903.03126942,-0.00101705561824
583,12.5977376709,0.9552776,0.838622,0.0015136,1358.89981656,1333.19518081,846.297177518,0.384044433006,0.376779937021,3903.03126942,-0.00101705561824
584,12.7223322446,0.9672179,0.8275813,0.001458533,1358.89981656,1333.19518081,846.297177518,0.384044433006,0.376779937021,3903.03126942,-0.00101705561824
585,12.8278673423,0.9786,0.8163,0.0014,1358.89981656,1333.19518081,846.297177518,0.384044433006,0.376779937021,3903.03126942,-0.00101705561824
586,12.873888861,0.9893856,0.8047947,0.001336667,1358.89981656,1333.19518081,846.297177518,0.384044433006,0.376779937021,3903.03126942,-0.00101705561824
587,12.9762569103,0.9995488,0.793082,0.00127,1358.89981656,1333.19518081,846.297177518,0.384044433006,0.376779937021,3903.03126942,-0.00101705561824
588,13.1058586908,1.0090892,0.781192,0.001205,1358.89981656,1333.19518081,846.297177518,0.384044433006,0.376779937021,3903.03126942,-0.00101705561824
589,13.2176263589,1.0180064,0.7691547,0.001146667,1358.89981656,1333.19518081,846.297177518,0.384044433006,0.376779937021,3903.03126942,-0.00101705561824
590,13.3117347826,1.0263,0.757,0.0011,1358.89981656,1333.19518081,846.297177518,0.384044433006,0.376779937021,3903.03126942,-0.00101705561824
591,13.4364409518,1.0339827,0.7447541,0.0010688,1358.89981656,1333.19518081,846.297177518,0.384044433006,0.376779937021,3903.03126942,-0.00101705561824
592,13.5463427675,1.040986,0.7324224,0.0010494,1358.89981656,1333.19518081,846.297177518,0.384044433006,0.376779937021,3903.03126942,-0.00101705561824
593,13.6922462506,1.047188,0.7200036,0.0010356,1358.89981656,1333.19518081,846.297177518,0.384044433006,0.376779937021,3903.03126942,-0.00101705561824
594,13.8196072577,1.0524667,0.7074965,0.0010212,1358.89981656,1333.19518081,846.297177518,0.384044433006,0.376779937021,3903.03126942,-0.00101705561824
595,13.9557416639,1.0567,0.6949,0.001,1358.89981656,1333.19518081,846.297177518,0.384044433006,0.376779937021,3903.03126942,-0.00101705561824
596,14.1088265501,1.0597944,0.6822192,0.00096864,1358.89981656,1333.19518081,846.297177518,0.384044433006,0.376779937021,3903.03126942,-0.00101705561824
597,14.3049762192,1.0617992,0.6694716,0.00092992,1358.89981656,1333.19518081,846.297177518,0.384044433006,0.376779937021,3903.03126942,-0.00101705561824
598,14.4463090689,1.0628068,0.6566744,0.00088688,1358.89981656,1333.19518081,846.297177518,0.384044433006,0.376779937021,3903.03126942,-0.00101705561824
599,14.6149567205,1.0629096,0.6438448,0.00084256,1358.89981656,1333.19518081,846.297177518,0.384044433006,0.376779937021,3903.03126942,-0.00101705561824
600,14.8710724626,1.0622,0.631,0.0008,1358.89981656,1333.19518081,846.297177518,0.384044433006,0.376779937021,3903.03126942,-0.00101705561824
601,15.0844901183,1.0607352,0.6181555,0.00076096,1358.89981656,1333.19518081,846.297177518,0.384044433006,0.376779937021,3903.03126942,-0.00101705561824
602,15.3006815566,1.0584436,0.6053144,0.00072368,1358.89981656,1333.19518081,846.297177518,0.384044433006,0.376779937021,3903.03126942,-0.00101705561824
603,15.5845159654,1.0552244,0.5924756,0.00068592,1358.89981656,1333.19518081,846.297177518,0.384044433006,0.376779937021,3903.03126942,-0.00101705561824
604,15.8618799357,1.0509768,0.5796379,0.00064544,1358.89981656,1333.19518081,846.297177518,0.384044433006,0.376779937021,3903.03126942,-0.00101705561824
605,16.2048742935,1.0456,0.5668,0.0006,1358.89981656,1333.19518081,846.297177518,0.384044433006,0.376779937021,3903.03126942,-0.00101705561824
606,16.5036195138,1.0390369,0.5539611,0.0005478667,1358.89981656,1333.19518081,846.297177518,0.384044433006,0.376779937021,3903.03126942,-0.00101705561824
607,16.9201855877,1.0313608,0.5411372,0.0004916,1358.89981656,1333.19518081,846.297177518,0.384044433006,0.376779937021,3903.03126942,-0.00101705561824
608,17.2628602704,1.0226662,0.5283528,0.0004354,1358.89981656,1333.19518081,846.297177518,0.384044433006,0.376779937021,3903.03126942,-0.00101705561824
609,17.6894608817,1.0130477,0.5156323,0.0003834667,1358.89981656,1333.19518081,846.297177518,0.384044433006,0.376779937021,3903.03126942,-0.00101705561824
610,18.1287610847,1.0026,0.503,0.00034,1358.89981656,1333.19518081,846.297177518,0.384044433006,0.376779937021,3903.03126942,-0.00101705561824
611,18.6447390759,0.9913675,0.4904688,0.0003072533,1358.89981656,1333.19518081,846.297177518,0.384044433006,0.376779937021,3903.03126942,-0.00101705561824
612,19.1445137263,0.9793314,0.4780304,0.00028316,1358.89981656,1333.19518081,846.297177518,0.384044433006,0.376779937021,3903.03126942,-0.00101705561824
613,19.7051441814,0.9664916,0.4656776,0.00026544,1358.89981656,1333.19518081,846.297177518,0.384044433006,0.376779937021,3903.03126942,-0.00101705561824
614,20.3012932944,0.9528479,0.4534032,0.0002518133,1358.89981656,1333.19518081,846.297177518,0.384044433006,0.376779937021,3903.03126942,-0.00101705561824
615,20.8578022782,0.9384,0.4412,0.00024,1358.89981656,1333.19518081,846.297177518,0.384044433006,0.376779937021,3903.03126942,-0.00101705561824
616,21.4352598786,0.923194,0.42908,0.0002295467,1358.89981656,1333.19518081,846.297177518,0.384044433006,0.376779937021,3903.03126942,-0.00101705561824
617,21.9604434693,0.907244,0.417036,0.00022064,1358.89981656,1333.19518081,846.297177518,0.384044433006,0.376779937021,3903.03126942,-0.00101705561824
618,22.4614734318,0.890502,0.405032,0.00021196,1358.89981656,1333.19518081,846.297177518,0.384044433006,0.376779937021,3903.03126942,-0.00101705561824
619,22.890122586,0.87292,0.393032,0.0002021867,1358.89981656,1333.19518081,846.297177518,0.384044433006,0.376779937021,3903.03126942,-0.00101705561824
620,23.0521478824,0.8544499,0.381,0.00019,1358.89981656,1333.19518081,846.297177518,0.384044433006,0.376779937021,3903.03126942,-0.00101705561824
621,23.2396644244,0.835084,0.3689184,0.0001742133,1358.89981656,1333.19518081,846.297177518,0.384044433006,0.376779937021,3903.03126942,-0.00101705561824
622,23.0938151901,0.814946,0.3568272,0.00015564,1358.89981656,1333.19518081,846.297177518,0.384044433006,0.376779937021,3903.03126942,-0.00101705561824
623,22.9777356125,0.794186,0.3447768,0.00013596,1358.89981656,1333.19518081,846.297177518,0.384044433006,0.376779937021,3903.03126942,-0.00101705561824
624,22.4808546085,0.772954,0.3328176,0.0001168533,1358.89981656,1333.19518081,846.297177518,0.384044433006,0.376779937021,3903.03126942,-0.00101705561824
625,21.9201745912,0.7514,0.321,0.0001,1358.89981656,1333.19518081,846.297177518,0.384044433006,0.376779937021,3903.03126942,-0.00101705561824
626,21.1266295544,0.7295836,0.3093381,8.613333e-05,1358.89981656,1333.19518081,846.297177518,0.384044433006,0.376779937021,3903.03126942,-0.00101705561824
627,20.2886151772,0.7075888,0.2978504,7.46e-05,1358.89981656,1333.19518081,846.297177518,0.384044433006,0.376779937021,3903.03126942,-0.00101705561824
628,19.3789909388,0.6856022,0.2865936,6.5e-05,1358.89981656,1333.19518081,846.297177518,0.384044433006,0.376779937021,3903.03126942,-0.00101705561824
629,18.4551831522,0.6638104,0.2756245,5.693333e-05,1358.89981656,1333.19518081,846.297177518,0.384044433006,0.376779937021,3903.03126942,-0.00101705561824
630,17.620951394,0.6424,0.265,4.999999e-05,1358.89981656,1333.19518081,846.297177518,0.384044433006,0.376779937021,3903.03126942,-0.00101705561824
631,16.7234212372,0.6215149,0.2547632,4.416e-05,1358.89981656,1333.19518081,846.297177518,0.384044433006,0.376779937021,3903.03126942,-0.00101705561824
632,15.9501657703,0.6011138,0.2448896,3.948e-05,1358.89981656,1333.19518081,846.297177518,0.384044433006,0.376779937021,3903.03126942,-0.00101705561824
633,15.288447309,0.5811052,0.2353344,3.572e-05,1358.89981656,1333.19518081,846.297177518,0.384044433006,0.376779937021,3903.03126942,-0.00101705561824
634,14.6724315615,0.5613977,0.2260528,3.264e-05,1358.89981656,1333.19518081,846.297177518,0.384044433006,0.376779937021,3903.03126942,-0.00101705561824
635,14.1859965749,0.5419,0.217,3e-05,1358.89981656,1333.19518081,846.297177518,0.384044433006,0.376779937021,3903.03126942,-0.00101705561824
636,13.7480624799,0.5225995,0.2081616,2.765333e-05,1358.89981656,1333.19518081,846.297177518,0.384044433006,0.376779937021,3903.03126942,-0.00101705561824
637,13.364755735,0.5035464,0.1995488,2.556e-05,1358.89981656,1333.19518081,846.297177518,0.384044433006,0.376779937021,3903.03126942,-0.00101705561824
638,13.0140648814,0.4847436,0.1911552,2.364e-05,1358.89981656,1333.19518081,846.297177518,0.384044433006,0.376779937021,3903.03126942,-0.00101705561824
639,12.7172963092,0.4661939,0.1829744,2.181333e-05,1358.89981656,1333.19518081,846.297177518,0.384044433006,0.376779937021,3903.03126942,-0.00101705561824
640,12.4637396457,0.4479,0.175,2e-05,1358.89981656,1333.19518081,846.297177518,0.384044433006,0.376779937021,3903.03126942,-0.00101705561824
641,12.2005820328,0.4298613,0.1672235,1.813333e-05,1358.89981656,1333.19518081,846.297177518,0.384044433006,0.376779937021,3903.03126942,-0.00101705561824
642,11.9448026831,0.412098,0.1596464,1.62e-05,1358.89981656,1333.19518081,846.297177518,0.384044433006,0.376779937021,3903.03126942,-0.00101705561824
643,11.7845331165,0.394644,0.1522776,1.42e-05,1358.89981656,1333.19518081,846.297177518,0.384044433006,0.376779937021,3903.03126942,-0.00101705561824
644,11.5593619678,0.3775333,0.1451259,1.213333e-05,1358.89981656,1333.19518081,846.297177518,0.384044433006,0.376779937021,3903.03126942,-0.00101705561824
645,11.3856705067,0.3608,0.1382,1e-05,1358.89981656,1333.19518081,846.297177518,0.384044433006,0.376779937021,3903.03126942,-0.00101705561824
646,11.2307899844,0.3444563,0.1315003,7.733333e-06,1358.89981656,1333.19518081,846.297177518,0.384044433006,0.376779937021,3903.03126942,-0.00101705561824
647,11.0731106761,0.3285168,0.1250248,5.4e-06,1358.89981656,1333.19518081,846.297177518,0.384044433006,0.376779937021,3903.03126942,-0.00101705561824
648,10.8731542622,0.3130192,0.1187792,3.2e-06,1358.89981656,1333.19518081,846.297177518,0.384044433006,0.376779937021,3903.03126942,-0.00101705561824
649,10.6907593014,0.2980011,0.1127691,1.333333e-06,1358.89981656,1333.19518081,846.297177518,0.384044433006,0.376779937021,3903.03126942,-0.00101705561824
650,10.5662873115,0.2835,0.107,0.0,1358.89981656,1333.19518081,846.297177518,0.384044433006,0.376779937021,3903.03126942,-0.00101705561824
651,10.376549185,0.2695448,0.1014762,0.0,1358.89981656,1333.19518081,846.297177518,0.384044433006,0.376779937021,3903.03126942,-0.00101705561824
652,10.2468707037,0.2561184,0.09618864,0.0,1358.89981656,1333.19518081,846.297177518,0.384044433006,0.376779937021,3903.03126942,-0.00101705561824
653,10.1322110413,0.2431896,0.09112296,0.0,1358.89981656,1333.19518081,846.297177518,0.384044433006,0.376779937021,3903.03126942,-0.00101705561824
654,9.97796679345,0.2307272,0.08626485,0.0,1358.89981656,1333.19518081,846.297177518,0.384044433006,0.376779937021,3903.03126942,-0.00101705561824
655,9.79049514252,0.2187,0.0816,0.0,1358.89981656,1333.19518081,846.297177518,0.384044433006,0.376779937021,3903.03126942,-0.00101705561824
656,9.67364168086,0.2070971,0.07712064,0.0,1358.89981656,1333.19518081,846.297177518,0.384044433006,0.376779937021,3903.03126942,-0.00101705561824
657,9.52543825565,0.1959232,0.07282552,0.0,1358.89981656,1333.19518081,846.297177518,0.384044433006,0.376779937021,3903.03126942,-0.00101705561824
658,9.33661572303,0.1851708,0.06871008,0.0,1358.89981656,1333.19518081,846.297177518,0.384044433006,0.376779937021,3903.03126942,-0.00101705561824
659,9.18925548827,0.1748323,0.06476976,0.0,1358.89981656,1333.19518081,846.297177518,0.384044433006,0.376779937021,3903.03126942,-0.00101705561824
660,9.06646280868,0.1649,0.061,0.0,1358.89981656,1333.19518081,846.297177518,0.384044433006,0.376779937021,3903.03126942,-0.00101705561824
661,8.92174159487,0.1553667,0.05739621,0.0,1358.89981656,1333.19518081,846.297177518,0.384044433006,0.376779937021,3903.03126942,-0.00101705561824
662,8.78907077898,0.14623,0.05395504,0.0,1358.89981656,1333.19518081,846.297177518,0.384044433006,0.376779937021,3903.03126942,-0.00101705561824
663,8.6596716492,0.13749,0.05067376,0.0,1358.89981656,1333.19518081,846.297177518,0.384044433006,0.376779937021,3903.03126942,-0.00101705561824
664,8.50394272941,0.1291467,0.04754965,0.0,1358.89981656,1333.19518081,846.297177518,0.384044433006,0.376779937021,3903.03126942,-0.00101705561824
665,8.34829654782,0.1212,0.04458,0.0,1358.89981656,1333.19518081,846.297177518,0.384044433006,0.376779937021,3903.03126942,-0.00101705561824
666,8.19918217475,0.1136397,0.04175872,0.0,1358.89981656,1333.19518081,846.297177518,0.384044433006,0.376779937021,3903.03126942,-0.00101705561824
667,8.06240564765,0.106465,0.03908496,0.0,1358.89981656,1333.19518081,846.297177518,0.384044433006,0.376779937021,3903.03126942,-0.00101705561824
668,7.92506139823,0.09969044,0.03656384,0.0,1358.89981656,1333.19518081,846.297177518,0.384044433006,0.376779937021,3903.03126942,-0.00101705561824
669,7.79975939332,0.09333061,0.03420048,0.0,1358.89981656,1333.19518081,846.297177518,0.384044433006,0.376779937021,3903.03126942,-0.00101705561824
670,7.68334423701,0.0874,0.032,0.0,1358.89981656,1333.19518081,846.297177518,0.384044433006,0.376779937021,3903.03126942,-0.00101705561824
671,7.55335347138,0.08190096,0.02996261,0.0,1358.89981656,1333.19518081,846.297177518,0.384044433006,0.376779937021,3903.03126942,-0.00101705561824
672,7.42715255543,0.07680428,0.02807664,0.0,1358.89981656,1333.19518081,846.297177518,0.384044433006,0.376779937021,3903.03126942,-0.00101705561824
673,7.28509384316,0.07207712,0.02632936,0.0,1358.89981656,1333.19518081,846.297177518,0.384044433006,0.376779937021,3903.03126942,-0.00101705561824
674,7.17064636801,0.06768664,0.02470805,0.0,1358.89981656,1333.19518081,846.297177518,0.384044433006,0.376779937021,3903.03126942,-0.00101705561824
675,7.0744769115,0.0636,0.0232,0.0,1358.89981656,1333.19518081,846.297177518,0.384044433006,0.376779937021,3903.03126942,-0.00101705561824
676,6.90164780271,0.05980685,0.02180077,0.0,1358.89981656,1333.19518081,846.297177518,0.384044433006,0.376779937021,3903.03126942,-0.00101705561824
677,6.76501635532,0.05628216,0.02050112,0.0,1358.89981656,1333.19518081,846.297177518,0.384044433006,0.376779937021,3903.03126942,-0.00101705561824
678,6.63577985396,0.05297104,0.01928108,0.0,1358.89981656,1333.19518081,846.297177518,0.384044433006,0.376779937021,3903.03126942,-0.00101705561824
679,6.51278438251,0.04981861,0.01812069,0.0,1358.89981656,1333.19518081,846.297177518,0.384044433006,0.376779937021,3903.03126942,-0.00101705561824
680,6.38638024177,0.04677,0.017,0.0,1358.89981656,1333.19518081,846.297177518,0.384044433006,0.376779937021,3903.03126942,-0.00101705561824
681,6.27638585957,0.04378405,0.01590379,0.0,1358.89981656,1333.19518081,846.297177518,0.384044433006,0.376779937021,3903.03126942,-0.00101705561824
682,6.14920131951,0.04087536,0.01483718,0.0,1358.89981656,1333.19518081,846.297177518,0.384044433006,0.376779937021,3903.03126942,-0.00101705561824
683,6.01694591559,0.03807264,0.01381068,0.0,1358.89981656,1333.19518081,846.297177518,0.384044433006,0.376779937021,3903.03126942,-0.00101705561824
684,5.88881921365,0.03540461,0.01283478,0.0,1358.89981656,1333.19518081,846.297177518,0.384044433006,0.376779937021,3903.03126942,-0.00101705561824
685,5.76553580434,0.0329,0.01192,0.0,1358.89981656,1333.19518081,846.297177518,0.384044433006,0.376779937021,3903.03126942,-0.00101705561824
686,5.65648179542,0.03056419,0.01106831,0.0,1358.89981656,1333.19518081,846.297177518,0.384044433006,0.376779937021,3903.03126942,-0.00101705561824
687,5.53662417117,0.02838056,0.01027339,0.0,1358.89981656,1333.19518081,846.297177518,0.384044433006,0.376779937021,3903.03126942,-0.00101705561824
688,5.40282551733,0.02634484,0.009533311,0.0,1358.89981656,1333.19518081,846.297177518,0.384044433006,0.376779937021,3903.03126942,-0.00101705561824
689,5.29344933897,0.02445275,0.008846157,0.0,1358.89981656,1333.19518081,846.297177518,0.384044433006,0.376779937021,3903.03126942,-0.00101705561824
690,5.15982011127,0.0227,0.00821,0.0,1358.89981656,1333.19518081,846.297177518,0.384044433006,0.376779937021,3903.03126942,-0.00101705561824
691,5.06336753975,0.02108429,0.007623781,0.0,1358.89981656,1333.19518081,846.297177518,0.384044433006,0.376779937021,3903.03126942,-0.00101705561824
692,4.94632559327,0.01959988,0.007085424,0.0,1358.89981656,1333.19518081,846.297177518,0.384044433006,0.376779937021,3903.03126942,-0.00101705561824
693,4.84821082718,0.01823732,0.006591476,0.0,1358.89981656,1333.19518081,846.297177518,0.384044433006,0.376779937021,3903.03126942,-0.00101705561824
694,4.72226491632,0.01698717,0.006138485,0.0,1358.89981656,1333.19518081,846.297177518,0.384044433006,0.376779937021,3903.03126942,-0.00101705561824
695,4.63039161307,0.01584,0.005723,0.0,1358.89981656,1333.19518081,846.297177518,0.384044433006,0.376779937021,3903.03126942,-0.00101705561824
696,4.51275580921,0.01479064,0.005343059,0.0,1358.89981656,1333.19518081,846.297177518,0.384044433006,0.376779937021,3903.03126942,-0.00101705561824
697,4.4136069375,0.01383132,0.004995796,0.0,1358.89981656,1333.19518081,846.297177518,0.384044433006,0.376779937021,3903.03126942,-0.00101705561824
698,4.30150022738,0.01294868,0.004676404,0.0,1358.89981656,1333.19518081,846.297177518,0.384044433006,0.376779937021,3903.03126942,-0.00101705561824
699,4.2003156443,0.0121292,0.004380075,0.0,1358.89981656,1333.19518081,846.297177518,0.384044433006,0.376779937021,3903.03126942,-0.00101705561824
700,4.11137653053,0.01135916,0.004102,0.0,1358.89981656,1333.19518081,846.297177518,0.384044433006,0.376779937021,3903.03126942,-0.00101705561824
701,4.00479891415,0.01062935,0.003838453,0.0,1358.89981656,1333.19518081,846.297177518,0.384044433006,0.376779937021,3903.03126942,-0.00101705561824
702,3.90729512123,0.009938846,0.003589099,0.0,1358.89981656,1333.19518081,846.297177518,0.384044433006,0.376779937021,3903.03126942,-0.00101705561824
703,3.81092726279,0.009288422,0.003354219,0.0,1358.89981656,1333.19518081,846.297177518,0.384044433006,0.376779937021,3903.03126942,-0.00101705561824
704,3.73745574569,0.008678854,0.003134093,0.0,1358.89981656,1333.19518081,846.297177518,0.384044433006,0.376779937021,3903.03126942,-0.00101705561824
705,3.6391377548,0.008110916,0.002929,0.0,1358.89981656,1333.19518081,846.297177518,0.384044433006,0.376779937021,3903.03126942,-0.00101705561824
706,3.55394702848,0.007582388,0.002738139,0.0,1358.89981656,1333.19518081,846.297177518,0.384044433006,0.376779937021,3903.03126942,-0.00101705561824
707,3.46297220334,0.007088746,0.002559876,0.0,1358.89981656,1333.19518081,846.297177518,0.384044433006,0.376779937021,3903.03126942,-0.00101705561824
708,3.38035203483,0.006627313,0.002393244,0.0,1358.89981656,1333.19518081,846.297177518,0.384044433006,0.376779937021,3903.03126942,-0.00101705561824
709,3.28580677784,0.006195408,0.002237275,0.0,1358.89981656,1333.19518081,846.297177518,0.384044433006,0.376779937021,3903.03126942,-0.00101705561824
710,3.20027676629,0.005790346,0.002091,0.0,1358.89981656,1333.19518081,846.297177518,0.384044433006,0.376779937021,3903.03126942,-0.00101705561824
711,3.12685616363,0.005409826,0.001953587,0.0,1358.89981656,1333.19518081,846.297177518,0.384044433006,0.376779937021,3903.03126942,-0.00101705561824
712,3.03839239552,0.005052583,0.00182458,0.0,1358.89981656,1333.19518081,846.297177518,0.384044433006,0.376779937021,3903.03126942,-0.00101705561824
713,2.96532776094,0.004717512,0.00170358,0.0,1358.89981656,1333.19518081,846.297177518,0.384044433006,0.376779937021,3903.03126942,-0.00101705561824
714,2.89835184591,0.004403507,0.001590187,0.0,1358.89981656,1333.19518081,846.297177518,0.384044433006,0.376779937021,3903.03126942,-0.00101705561824
715,2.81353420347,0.004109457,0.001484,0.0,1358.89981656,1333.19518081,846.297177518,0.384044433006,0.376779937021,3903.03126942,-0.00101705561824
716,2.7487972246,0.003833913,0.001384496,0.0,1358.89981656,1333.19518081,846.297177518,0.384044433006,0.376779937021,3903.03126942,-0.00101705561824
717,2.67276503482,0.003575748,0.001291268,0.0,1358.89981656,1333.19518081,846.297177518,0.384044433006,0.376779937021,3903.03126942,-0.00101705561824
718,2.60587426579,0.003334342,0.001204092,0.0,1358.89981656,1333.19518081,846.297177518,0.384044433006,0.376779937021,3903.03126942,-0.00101705561824
719,2.5336747436,0.003109075,0.001122744,0.0,1358.89981656,1333.19518081,846.297177518,0.384044433006,0.376779937021,3903.03126942,-0.00101705561824
720,2.47210941059,0.002899327,0.001047,0.0,1358.89981656,1333.19518081,846.297177518,0.384044433006,0.376779937021,3903.03126942,-0.00101705561824
721,2.40513392849,0.002704348,0.0009765896,0.0,1358.89981656,1333.19518081,846.297177518,0.384044433006,0.376779937021,3903.03126942,-0.00101705561824
722,2.34171985897,0.00252302,0.0009111088,0.0,1358.89981656,1333.19518081,846.297177518,0.384044433006,0.376779937021,3903.03126942,-0.00101705561824
723,2.27677965531,0.002354168,0.0008501332,0.0,1358.89981656,1333.19518081,846.297177518,0.384044433006,0.376779937021,3903.03126942,-0.00101705561824
724,2.21772451347,0.002196616,0.0007932384,0.0,1358.89981656,1333.19518081,846.297177518,0.384044433006,0.376779937021,3903.03126942,-0.00101705561824
725,2.16995070843,0.00204919,0.00074,0.0,1358.89981656,1333.19518081,846.297177518,0.384044433006,0.376779937021,3903.03126942,-0.00101705561824
726,2.10302289909,0.00191096,0.0006900827,0.0,1358.89981656,1333.19518081,846.297177518,0.384044433006,0.376779937021,3903.03126942,-0.00101705561824
727,2.05203317723,0.001781438,0.00064331,0.0,1358.89981656,1333.19518081,846.297177518,0.384044433006,0.376779937021,3903.03126942,-0.00101705561824
728,2.01032995581,0.00166011,0.000599496,0.0,1358.89981656,1333.19518081,846.297177518,0.384044433006,0.376779937021,3903.03126942,-0.00101705561824
729,1.95422389772,0.001546459,0.0005584547,0.0,1358.89981656,1333.19518081,846.297177518,0.384044433006,0.376779937021,3903.03126942,-0.00101705561824
730,1.89242877194,0.001439971,0.00052,0.0,1358.89981656,1333.19518081,846.297177518,0.384044433006,0.376779937021,3903.03126942,-0.00101705561824
731,1.84056448549,0.001340042,0.0004839136,0.0,1358.89981656,1333.19518081,846.297177518,0.384044433006,0.376779937021,3903.03126942,-0.00101705561824
732,1.78379919425,0.001246275,0.0004500528,0.0,1358.89981656,1333.19518081,846.297177518,0.384044433006,0.376779937021,3903.03126942,-0.00101705561824
733,1.7458254559,0.001158471,0.0004183452,0.0,1358.89981656,1333.19518081,846.297177518,0.384044433006,0.376779937021,3903.03126942,-0.00101705561824
734,1.69240080374,0.00107643,0.0003887184,0.0,1358.89981656,1333.19518081,846.297177518,0.384044433006,0.376779937021,3903.03126942,-0.00101705561824
735,1.64425110609,0.0009999493,0.0003611,0.0,1358.89981656,1333.19518081,846.297177518,0.384044433006,0.376779937021,3903.03126942,-0.00101705561824
736,1.60029047705,0.0009287358,0.0003353835,0.0,1358.89981656,1333.19518081,846.297177518,0.384044433006,0.376779937021,3903.03126942,-0.00101705561824
737,1.56900071999,0.0008624332,0.0003114404,0.0,1358.89981656,1333.19518081,846.297177518,0.384044433006,0.376779937021,3903.03126942,-0.00101705561824
738,1.515950989,0.0008007503,0.0002891656,0.0,1358.89981656,1333.19518081,846.297177518,0.384044433006,0.376779937021,3903.03126942,-0.00101705561824
739,1.47974408282,0.000743396,0.0002684539,0.0,1358.89981656,1333.19518081,846.297177518,0.384044433006,0.376779937021,3903.03126942,-0.00101705561824
740,1.44029793349,0.0006900786,0.0002492,0.0,1358.89981656,1333.19518081,846.297177518,0.384044433006,0.376779937021,3903.03126942,-0.00101705561824
741,1.40052172703,0.0006405156,0.0002313019,0.0,1358.89981656,1333.19518081,846.297177518,0.384044433006,0.376779937021,3903.03126942,-0.00101705561824
742,1.3545906081,0.0005945021,0.0002146856,0.0,1358.89981656,1333.19518081,846.297177518,0.384044433006,0.376779937021,3903.03126942,-0.00101705561824
743,1.32209969508,0.0005518646,0.0001992884,0.0,1358.89981656,1333.19518081,846.297177518,0.384044433006,0.376779937021,3903.03126942,-0.00101705561824
744,1.28661579046,0.000512429,0.0001850475,0.0,1358.89981656,1333.19518081,846.297177518,0.384044433006,0.376779937021,3903.03126942,-0.00101705561824
745,1.25104717276,0.0004760213,0.0001719,0.0,1358.89981656,1333.19518081,846.297177518,0.384044433006,0.376779937021,3903.03126942,-0.00101705561824
746,1.21336180521,0.0004424536,0.0001597781,0.0,1358.89981656,1333.19518081,846.297177518,0.384044433006,0.376779937021,3903.03126942,-0.00101705561824
747,1.16894337922,0.0004115117,0.0001486044,0.0,1358.89981656,1333.19518081,846.297177518,0.384044433006,0.376779937021,3903.03126942,-0.00101705561824
748,1.14258745416,0.0003829814,0.0001383016,0.0,1358.89981656,1333.19518081,846.297177518,0.384044433006,0.376779937021,3903.03126942,-0.00101705561824
749,1.1162144133,0.0003566491,0.0001287925,0.0,1358.89981656,1333.19518081,846.297177518,0.384044433006,0.376779937021,3903.03126942,-0.00101705561824
750,1.08327774017,0.0003323011,0.00012,0.0,1358.89981656,1333.19518081,846.297177518,0.384044433006,0.376779937021,3903.03126942,-0.00101705561824
751,1.04699999503,0.0003097586,0.0001118595,0.0,1358.89981656,1333.19518081,846.297177518,0.384044433006,0.376779937021,3903.03126942,-0.00101705561824
752,1.02001641394,0.0002888871,0.0001043224,0.0,1358.89981656,1333.19518081,846.297177518,0.384044433006,0.376779937021,3903.03126942,-0.00101705561824
753,0.996289191772,0.0002695394,9.73356e-05,0.0,1358.89981656,1333.19518081,846.297177518,0.384044433006,0.376779937021,3903.03126942,-0.00101705561824
754,0.965150340714,0.0002515682,9.084587e-05,0.0,1358.89981656,1333.19518081,846.297177518,0.384044433006,0.376779937021,3903.03126942,-0.00101705561824
755,0.94157586184,0.0002348261,8.48e-05,0.0,1358.89981656,1333.19518081,846.297177518,0.384044433006,0.376779937021,3903.03126942,-0.00101705561824
756,0.913523943558,0.000219171,7.914667e-05,0.0,1358.89981656,1333.19518081,846.297177518,0.384044433006,0.376779937021,3903.03126942,-0.00101705561824
757,0.888405781831,0.0002045258,7.3858e-05,0.0,1358.89981656,1333.19518081,846.297177518,0.384044433006,0.376779937021,3903.03126942,-0.00101705561824
758,0.860336747763,0.0001908405,6.8916e-05,0.0,1358.89981656,1333.19518081,846.297177518,0.384044433006,0.376779937021,3903.03126942,-0.00101705561824
759,0.838220805738,0.0001780654,6.430267e-05,0.0,1358.89981656,1333.19518081,846.297177518,0.384044433006,0.376779937021,3903.03126942,-0.00101705561824
760,0.819276509563,0.0001661505,6e-05,0.0,1358.89981656,1333.19518081,846.297177518,0.384044433006,0.376779937021,3903.03126942,-0.00101705561824
761,0.796108913206,0.0001550236,5.598187e-05,0.0,1358.89981656,1333.19518081,846.297177518,0.384044433006,0.376779937021,3903.03126942,-0.00101705561824
762,0.770804209543,0.0001446219,5.22256e-05,0.0,1358.89981656,1333.19518081,846.297177518,0.384044433006,0.376779937021,3903.03126942,-0.00101705561824
763,0.747365358175,0.0001349098,4.87184e-05,0.0,1358.89981656,1333.19518081,846.297177518,0.384044433006,0.376779937021,3903.03126942,-0.00101705561824
764,0.727844320404,0.000125852,4.544747e-05,0.0,1358.89981656,1333.19518081,846.297177518,0.384044433006,0.376779937021,3903.03126942,-0.00101705561824
765,0.711749067709,0.000117413,4.24e-05,0.0,1358.89981656,1333.19518081,846.297177518,0.384044433006,0.376779937021,3903.03126942,-0.00101705561824
766,0.689870582051,0.0001095515,3.956104e-05,0.0,1358.89981656,1333.19518081,846.297177518,0.384044433006,0.376779937021,3903.03126942,-0.00101705561824
767,0.671282253963,0.0001022245,3.691512e-05,0.0,1358.89981656,1333.19518081,846.297177518,0.384044433006,0.376779937021,3903.03126942,-0.00101705561824
768,0.645129553692,9.539445e-05,3.444868e-05,0.0,1358.89981656,1333.19518081,846.297177518,0.384044433006,0.376779937021,3903.03126942,-0.00101705561824
769,0.636836129549,8.90239e-05,3.214816e-05,0.0,1358.89981656,1333.19518081,846.297177518,0.384044433006,0.376779937021,3903.03126942,-0.00101705561824
770,0.61127728666,8.307527e-05,3e-05,0.0,1358.89981656,1333.19518081,846.297177518,0.384044433006,0.376779937021,3903.03126942,-0.00101705561824
771,0.597030770474,7.751269e-05,2.799125e-05,0.0,1358.89981656,1333.19518081,846.297177518,0.384044433006,0.376779937021,3903.03126942,-0.00101705561824
772,0.582818052932,7.231304e-05,2.611356e-05,0.0,1358.89981656,1333.19518081,846.297177518,0.384044433006,0.376779937021,3903.03126942,-0.00101705561824
773,0.561312651147,6.745778e-05,2.436024e-05,0.0,1358.89981656,1333.19518081,846.297177518,0.384044433006,0.376779937021,3903.03126942,-0.00101705561824
774,0.543589435454,6.292844e-05,2.272461e-05,0.0,1358.89981656,1333.19518081,846.297177518,0.384044433006,0.376779937021,3903.03126942,-0.00101705561824
775,0.529682204497,5.870652e-05,2.12e-05,0.0,1358.89981656,1333.19518081,846.297177518,0.384044433006,0.376779937021,3903.03126942,-0.00101705561824
776,0.513383294079,5.477028e-05,1.977855e-05,0.0,1358.89981656,1333.19518081,846.297177518,0.384044433006,0.376779937021,3903.03126942,-0.00101705561824
777,0.50071425939,5.109918e-05,1.845285e-05,0.0,1358.89981656,1333.19518081,846.297177518,0.384044433006,0.376779937021,3903.03126942,-0.00101705561824
778,0.487417568673,4.767654e-05,1.721687e-05,0.0,1358.89981656,1333.19518081,846.297177518,0.384044433006,0.376779937021,3903.03126942,-0.00101705561824
779,0.474595790691,4.448567e-05,1.606459e-05,0.0,1358.89981656,1333.19518081,846.297177518,0.384044433006,0.376779937021,3903.03126942,-0.00101705561824
780,0.463096922053,4.150994e-05,1.499e-05,0.0,1358.89981656,1333.19518081,846.297177518,0.384044433006,0.376779937021,3903.03126942,-0.00101705561824
